cancer,feature_internal,feature_display,beta,pathways,variant_types,n_constituent_genes_observed,top1_gene,top1_share_pct,dominance_class,top_genes_by_contribution,top_genes_by_abs_logHR_stable
BRCA,PW_Cell_Cycle_sv_hit,Cell_Cycle_sv_hit,-0.1779452889029172,Cell_Cycle,sv,7,RB1,100.0,single-gene,"RB1(f=0.01,HR=1.03)","RB1(HR=1.03,f=0.01,n=13)"
BRCA,PW_Chromatin_zsum,Chromatin_zsum,-0.0376867913782411,Chromatin,mut/amp/del/sv,33,ARID1B,10.5,multi-gene,"ARID1B(f=0.02,HR=1.67); ARID2(f=0.02,HR=1.68); ARID1A(f=0.06,HR=1.15); KDM5C(f=0.02,HR=1.55); SMARCA4(f=0.02,HR=1.41); EP300(f=0.02,HR=1.49)","SMARCE1(HR=0.41,f=0.00,n=10); ASXL2(HR=1.68,f=0.01,n=18); ARID2(HR=1.68,f=0.02,n=63); ARID1B(HR=1.67,f=0.02,n=64); NSD2(HR=1.56,f=0.01,n=19); KDM5C(HR=1.55,f=0.02,n=44)"
BRCA,PW_HIT_COUNT,All_Pathway_Alteration_Count,0.1287982419490632,TP53;PI3K;RTK_RAS;Cell_Cycle;Chromatin;DDR;MYC,mut/amp/del/sv,146,TP53,22.6,multi-gene,"TP53(f=0.46,HR=1.66); ERBB2(f=0.16,HR=0.75); MYC(f=0.12,HR=1.39); FGFR1(f=0.13,HR=1.32); RECQL4(f=0.08,HR=1.49); CCND1(f=0.17,HR=1.17)","ARAF(HR=2.68,f=0.01,n=25); CCND3(HR=2.56,f=0.01,n=18); SMARCE1(HR=0.41,f=0.00,n=10); AKT3(HR=2.38,f=0.01,n=37); ERCC2(HR=2.38,f=0.01,n=22); MYCN(HR=2.38,f=0.01,n=21)"
BRCA,PW_RTK_RAS_amp_hit,RTK_RAS_amp_hit,-0.0748992021830237,RTK_RAS,amp,39,ERBB2,36.0,multi-gene,"ERBB2(f=0.14,HR=0.66); FGFR1(f=0.12,HR=1.29); RIT1(f=0.01,HR=1.90); FGFR2(f=0.02,HR=1.64); EGFR(f=0.01,HR=1.57); KRAS(f=0.01,HR=1.64)","FGFR3(HR=2.80,f=0.01,n=13); JAK2(HR=2.78,f=0.01,n=14); RIT1(HR=1.90,f=0.01,n=37); NTRK1(HR=1.89,f=0.01,n=23); KIT(HR=1.89,f=0.01,n=13); ERBB3(HR=1.78,f=0.00,n=10)"
BRCA,PW_TP53_mut_rate_z,TP53_mut_rate,0.1910569407853244,TP53,mut,5,TP53,95.7,single-gene,"TP53(f=0.45,HR=1.67); ATM(f=0.02,HR=1.35); MDM4(f=0.00,HR=2.25); CHEK2(f=0.01,HR=0.83); MDM2(f=0.00,HR=1.19)","TP53(HR=1.67,f=0.45,n=1171); ATM(HR=1.35,f=0.02,n=58); CHEK2(HR=0.83,f=0.01,n=14)"
LUAD,PW_HIT_COUNT,All_Pathway_Alteration_Count,0.08623152852858,TP53;PI3K;RTK_RAS;Cell_Cycle;Chromatin;DDR;MYC;NOTCH;NRF2,mut/amp/del/sv,158,TP53,17.9,multi-gene,"TP53(f=0.47,HR=1.44); KEAP1(f=0.13,HR=1.66); CDKN2A(f=0.16,HR=1.44); STK11(f=0.15,HR=1.40); CDKN2B(f=0.10,HR=1.58); SMARCA4(f=0.08,HR=1.66)","FGFR3(HR=1.90,f=0.01,n=43); ERF(HR=1.69,f=0.01,n=27); MUTYH(HR=1.68,f=0.01,n=38); SMARCA4(HR=1.66,f=0.08,n=375); KEAP1(HR=1.66,f=0.13,n=618); AKT2(HR=1.63,f=0.02,n=72)"
LUAD,PW_NOTCH_any_rate_z,NOTCH_any_rate,-0.0799126546522201,NOTCH,mut/amp/del,10,EP300,34.9,multi-gene,"EP300(f=0.03,HR=1.34); NCOR1(f=0.03,HR=1.19); NOTCH3(f=0.03,HR=1.12); NOTCH1(f=0.03,HR=0.94); KDM5A(f=0.02,HR=1.06); NOTCH4(f=0.04,HR=1.03)","EP300(HR=1.34,f=0.03,n=117); NCOR1(HR=1.19,f=0.03,n=118); NOTCH3(HR=1.12,f=0.03,n=131); KDM5A(HR=1.06,f=0.02,n=95); NOTCH1(HR=0.94,f=0.03,n=122); FBXW7(HR=0.95,f=0.01,n=67)"
LUAD,PW_NRF2_zsum,NRF2_zsum,0.1115316999404081,NRF2,mut/amp/del/sv,3,KEAP1,88.3,driver-anchored,"KEAP1(f=0.13,HR=1.66); NFE2L2(f=0.02,HR=1.58); CUL3(f=0.02,HR=1.02)","KEAP1(HR=1.66,f=0.13,n=618); NFE2L2(HR=1.58,f=0.02,n=86); CUL3(HR=1.02,f=0.02,n=73)"
LUAD,PW_RTK_RAS_mut_rate_z,RTK_RAS_mut_rate,-0.0777015710712572,RTK_RAS,mut,41,EGFR,33.7,multi-gene,"EGFR(f=0.30,HR=0.86); KRAS(f=0.34,HR=1.04); ERBB2(f=0.04,HR=1.32); SOS1(f=0.01,HR=1.53); IGF1R(f=0.02,HR=1.30); NRAS(f=0.01,HR=1.56)","ERF(HR=1.61,f=0.00,n=19); NRAS(HR=1.56,f=0.01,n=42); SOS1(HR=1.53,f=0.01,n=51); FGFR3(HR=1.44,f=0.01,n=23); ERBB2(HR=1.32,f=0.04,n=193); FGFR2(HR=1.31,f=0.01,n=33)"
LUAD,PW_TP53_any_rate_z,TP53_any_rate,0.1080257770980312,TP53,mut/amp/del,5,TP53,93.5,single-gene,"TP53(f=0.46,HR=1.42); ATM(f=0.08,HR=1.11); MDM2(f=0.07,HR=1.02); MDM4(f=0.01,HR=1.16); CHEK2(f=0.01,HR=1.06)","TP53(HR=1.42,f=0.46,n=2120); MDM4(HR=1.16,f=0.01,n=43); ATM(HR=1.11,f=0.08,n=351); CHEK2(HR=1.06,f=0.01,n=44); MDM2(HR=1.02,f=0.07,n=314)"
PAAD,PW_HIT_COUNT,All_Pathway_Alteration_Count,0.0692034298894908,TP53;RTK_RAS;Cell_Cycle;Chromatin;TGF_Beta;MYC;NOTCH;HIPPO,mut/amp/del/sv,114,KRAS,27.5,multi-gene,"KRAS(f=0.93,HR=1.30); TP53(f=0.76,HR=1.27); CDKN2A(f=0.40,HR=1.40); CDKN2B(f=0.14,HR=1.58); SMAD4(f=0.27,HR=1.08); ARID1A(f=0.09,HR=1.26)","FGFR4(HR=0.51,f=0.01,n=16); CDKN2B(HR=1.58,f=0.14,n=294); MYC(HR=1.56,f=0.05,n=97); IGF1R(HR=0.65,f=0.01,n=11); NRAS(HR=1.50,f=0.00,n=10); FAT1(HR=1.50,f=0.02,n=33)"
PAAD,PW_MYC_any_rate_z,MYC_any_rate,0.0602909699661271,MYC,mut/amp/del,5,MYC,80.3,driver-anchored,"MYC(f=0.05,HR=1.56); MYCL(f=0.00,HR=0.59); MYCN(f=0.00,HR=1.57); MGA(f=0.01,HR=1.12); MAX(f=0.00,HR=1.40)","MYC(HR=1.56,f=0.05,n=97); MGA(HR=1.12,f=0.01,n=24)"
PAAD,PW_RTK_RAS_amp_hit,RTK_RAS_amp_hit,0.2549434141016316,RTK_RAS,amp,29,KRAS,52.5,driver-anchored,"KRAS(f=0.02,HR=2.01); FGFR1(f=0.02,HR=1.46); RIT1(f=0.00,HR=1.94); FGFR4(f=0.00,HR=0.63); FGFR3(f=0.01,HR=1.09); ERBB3(f=0.01,HR=1.07)","KRAS(HR=2.01,f=0.02,n=38); FGFR1(HR=1.46,f=0.02,n=38); FGFR3(HR=1.09,f=0.01,n=18); ERBB3(HR=1.07,f=0.01,n=13); ERBB2(HR=0.98,f=0.01,n=19)"
PAAD,PW_TGF_Beta_any_rate_z,TGF_Beta_any_rate,-0.0209569850103073,TGF_Beta,mut/amp/del,5,SMAD4,75.4,driver-anchored,"SMAD4(f=0.27,HR=1.07); SMAD3(f=0.02,HR=0.78); SMAD2(f=0.01,HR=1.07); TGFBR1(f=0.03,HR=0.99); TGFBR2(f=0.05,HR=1.00)","SMAD3(HR=0.78,f=0.02,n=40); SMAD2(HR=1.07,f=0.01,n=12); SMAD4(HR=1.07,f=0.27,n=556); TGFBR1(HR=0.99,f=0.03,n=52); TGFBR2(HR=1.00,f=0.05,n=99)"
PAAD,PW_TP53_mut_rate_z,TP53_mut_rate,0.0547869486251455,TP53,mut,5,TP53,97.7,single-gene,"TP53(f=0.76,HR=1.26); ATM(f=0.03,HR=0.90); MDM2(f=0.00,HR=1.27)","TP53(HR=1.26,f=0.76,n=1578); ATM(HR=0.90,f=0.03,n=66)"
PRAD,PW_Cell_Cycle_zsum,Cell_Cycle_zsum,0.0369475139329462,Cell_Cycle,mut/amp/del/sv,13,RB1,36.9,multi-gene,"RB1(f=0.05,HR=2.21); CCND1(f=0.03,HR=1.78); CDKN1B(f=0.05,HR=1.29); CDKN2A(f=0.02,HR=1.54); CCNE1(f=0.01,HR=2.27); CDKN2B(f=0.02,HR=1.37)","CCND2(HR=2.28,f=0.00,n=10); CCNE1(HR=2.27,f=0.01,n=20); RB1(HR=2.21,f=0.05,n=115); CDK6(HR=1.80,f=0.01,n=14); CCND1(HR=1.78,f=0.03,n=61); CDKN2A(HR=1.54,f=0.02,n=49)"
PRAD,PW_Chromatin_sv_hit,Chromatin_sv_hit,0.353490516829342,Chromatin,sv,26,KDM6A,39.1,multi-gene,"KDM6A(f=0.00,HR=2.92); KMT2D(f=0.00,HR=1.46); KMT2C(f=0.01,HR=1.31); SETD2(f=0.00,HR=1.73)","KMT2D(HR=1.46,f=0.00,n=10); KMT2C(HR=1.31,f=0.01,n=12)"
PRAD,PW_HIT_COUNT,All_Pathway_Alteration_Count,0.170726413463327,TP53;PI3K;Cell_Cycle;Chromatin;DDR;WNT,mut/amp/del/sv,109,TP53,25.9,multi-gene,"TP53(f=0.30,HR=2.02); PTEN(f=0.18,HR=1.42); RB1(f=0.05,HR=2.21); RECQL4(f=0.04,HR=2.03); NBN(f=0.04,HR=2.08); AMER1(f=0.03,HR=2.72)","CHEK1(HR=3.00,f=0.00,n=10); RAD51C(HR=2.88,f=0.01,n=12); AMER1(HR=2.72,f=0.03,n=61); CCND2(HR=2.28,f=0.00,n=10); BRIP1(HR=2.27,f=0.01,n=27); CCNE1(HR=2.27,f=0.01,n=20)"
PRAD,PW_WNT_zsum,WNT_zsum,-0.0416356717449581,WNT,mut/amp/del/sv,10,AMER1,32.7,multi-gene,"AMER1(f=0.03,HR=2.72); APC(f=0.07,HR=1.36); CTNNB1(f=0.04,HR=1.21); AXIN1(f=0.01,HR=1.79); RNF43(f=0.02,HR=1.20); GSK3B(f=0.01,HR=1.52)","AMER1(HR=2.72,f=0.03,n=61); AXIN1(HR=1.79,f=0.01,n=26); GSK3B(HR=1.52,f=0.01,n=20); TCF7L2(HR=1.39,f=0.01,n=24); APC(HR=1.36,f=0.07,n=178); CTNNB1(HR=1.21,f=0.04,n=99)"
CRC,PW_Chromatin_any_rate_z,Chromatin_any_rate,-0.1796250971828362,Chromatin,mut/amp/del,33,ARID1A,9.2,multi-gene,"ARID1A(f=0.12,HR=0.61); KMT2D(f=0.11,HR=0.57); KMT2B(f=0.09,HR=0.59); ASXL1(f=0.10,HR=0.66); KMT2C(f=0.08,HR=0.64); CREBBP(f=0.07,HR=0.59)","DNMT3A(HR=0.48,f=0.03,n=109); NSD1(HR=0.52,f=0.04,n=163); KMT2D(HR=0.57,f=0.11,n=466); BAP1(HR=0.59,f=0.02,n=84); CREBBP(HR=0.59,f=0.07,n=283); TET2(HR=0.59,f=0.04,n=167)"
CRC,PW_DDR_zsum,DDR_zsum,-0.1158133668606138,DDR,mut/amp/del/sv,31,MSH3,8.5,multi-gene,"MSH3(f=0.06,HR=0.54); POLD1(f=0.05,HR=0.50); MSH6(f=0.05,HR=0.56); ATM(f=0.09,HR=0.72); MSH2(f=0.03,HR=0.46); POLE(f=0.06,HR=0.67)","MUTYH(HR=0.44,f=0.02,n=67); MSH2(HR=0.46,f=0.03,n=137); RAD51D(HR=0.46,f=0.01,n=24); POLD1(HR=0.50,f=0.05,n=209); BRCA1(HR=0.51,f=0.03,n=135); BRIP1(HR=0.52,f=0.02,n=92)"
CRC,PW_HIT_COUNT,All_Pathway_Alteration_Count,0.0017846181549948,TP53;RTK_RAS;WNT;TGF_Beta;PI3K;DDR;MYC;Chromatin,mut/amp/del/sv,149,APC,6.4,multi-gene,"APC(f=0.76,HR=0.82); TP53(f=0.75,HR=1.15); KRAS(f=0.44,HR=1.24); ARID1A(f=0.13,HR=0.61); KMT2D(f=0.11,HR=0.58); SMAD4(f=0.18,HR=1.39)","PIK3R3(HR=0.35,f=0.01,n=56); ERRFI1(HR=0.37,f=0.01,n=46); MUTYH(HR=0.44,f=0.02,n=67); ABL1(HR=0.44,f=0.03,n=137); MSH2(HR=0.46,f=0.03,n=137); RAD51D(HR=0.46,f=0.01,n=24)"
CRC,PW_RTK_RAS_any_rate_z,RTK_RAS_any_rate,0.0361183793032305,RTK_RAS,mut/amp/del,41,KRAS,17.9,multi-gene,"KRAS(f=0.44,HR=1.24); NF1(f=0.06,HR=0.61); ABL1(f=0.03,HR=0.44); IGF1R(f=0.04,HR=0.62); NTRK3(f=0.04,HR=0.60); RASA1(f=0.04,HR=0.59)","ERRFI1(HR=0.37,f=0.01,n=46); ABL1(HR=0.44,f=0.03,n=137); ERF(HR=0.51,f=0.02,n=100); FGFR3(HR=0.52,f=0.02,n=100); CBL(HR=0.55,f=0.01,n=64); RAF1(HR=0.57,f=0.02,n=91)"
CRC,PW_TGF_Beta_amp_hit,TGF_Beta_amp_hit,0.7813980789578783,TGF_Beta,amp,1,SMAD2,100.0,single-gene,"SMAD2(f=0.00,HR=2.40)",
